,m,eps,time,algo
0,19200,0.1,0.08109688758850098,ps
1,29500,0.1,0.08529090881347656,psp
2,198400,0.1,1.0331220626831055,ps
3,64400,0.1,0.18167901039123535,psp
4,19200,0.1,0.08093118667602539,ps
5,6400,0.1,0.019121170043945312,psp
6,96000,0.1,0.4924333095550537,ps
7,108700,0.1,0.3047831058502197,psp
8,96000,0.1,0.4718039035797119,ps
9,33700,0.1,0.09815764427185059,psp
10,19200,0.1,0.08476018905639648,ps
11,6400,0.1,0.018822908401489258,psp
12,96000,0.1,0.4671049118041992,ps
13,31900,0.1,0.13759326934814453,psp
14,198400,0.1,1.218761920928955,ps
15,114100,0.1,0.37877392768859863,psp
16,96000,0.1,0.5332520008087158,ps
17,33700,0.1,0.12505006790161133,psp
18,19200,0.1,0.11190986633300781,ps
19,119900,0.1,0.4691741466522217,psp
20,19200,0.1,0.11812400817871094,ps
21,125100,0.1,0.6161761283874512,psp
22,96000,0.1,0.5162990093231201,ps
23,29500,0.1,0.0877997875213623,psp
24,198400,0.1,0.9921829700469971,ps
25,32400,0.1,0.09507393836975098,psp
26,198400,0.1,1.0195121765136719,ps
27,116600,0.1,0.32697081565856934,psp
28,96000,0.1,0.463209867477417,ps
29,112300,0.1,0.33188772201538086,psp
30,96000,0.1,0.47399091720581055,ps
31,30700,0.1,0.09002804756164551,psp
32,198400,0.1,1.004497766494751,ps
33,62100,0.1,0.18353009223937988,psp
34,198400,0.1,1.0083799362182617,ps
35,66100,0.1,0.19040417671203613,psp
36,96000,0.1,0.4663200378417969,ps
37,220500,0.1,0.6410698890686035,psp
38,96000,0.1,0.4622609615325928,ps
39,115300,0.1,0.33840203285217285,psp
40,403200,0.1,2.1192567348480225,ps
41,119700,0.1,0.33503103256225586,psp
42,44800,0.1,0.20839571952819824,ps
43,113200,0.1,0.3478672504425049,psp
44,403200,0.1,2.221924066543579,ps
45,113300,0.1,0.31611204147338867,psp
46,44800,0.1,0.21132183074951172,ps
47,60900,0.1,0.1715238094329834,psp
48,19200,0.1,0.09126901626586914,ps
49,121500,0.1,0.3398258686065674,psp
50,96000,0.1,0.47176504135131836,ps
51,228800,0.1,0.6477189064025879,psp
52,96000,0.1,0.47560596466064453,ps
53,216200,0.1,0.6064131259918213,psp
54,96000,0.1,0.47431421279907227,ps
55,31400,0.1,0.09272217750549316,psp
56,198400,0.1,1.0622961521148682,ps
57,30500,0.1,0.08912086486816406,psp
58,19200,0.1,0.08635067939758301,ps
59,116100,0.1,0.32778215408325195,psp
60,96000,0.1,0.4733912944793701,ps
61,220400,0.1,0.6413891315460205,psp
62,44800,0.1,0.20745325088500977,ps
63,57400,0.1,0.16254901885986328,psp
64,198400,0.1,1.0202600955963135,ps
65,55900,0.1,0.16045618057250977,psp
66,198400,0.1,1.0115809440612793,ps
67,66900,0.1,0.19401192665100098,psp
68,403200,0.1,2.159296989440918,ps
69,60400,0.1,0.17900490760803223,psp
70,96000,0.1,0.47077012062072754,ps
71,58900,0.1,0.16418099403381348,psp
72,403200,0.1,2.1495258808135986,ps
73,61000,0.1,0.17798900604248047,psp
74,198400,0.1,1.0074172019958496,ps
75,20800,0.1,0.06073904037475586,psp
76,44800,0.1,0.20504379272460938,ps
77,114600,0.1,0.32176804542541504,psp
78,19200,0.1,0.08341598510742188,ps
79,221500,0.1,0.634552001953125,psp
80,96000,0.1,0.46227002143859863,ps
81,32400,0.1,0.0917508602142334,psp
82,198400,0.1,1.0024299621582031,ps
83,132600,0.1,0.3711578845977783,psp
84,19200,0.1,0.0818629264831543,ps
85,229900,0.1,0.641423225402832,psp
86,198400,0.1,1.0057849884033203,ps
87,59200,0.1,0.16682219505310059,psp
88,44800,0.1,0.20021486282348633,ps
89,223700,0.1,0.641157865524292,psp
90,96000,0.1,0.4592461585998535,ps
91,35100,0.1,0.10049819946289062,psp
92,403200,0.1,2.103687047958374,ps
93,58900,0.1,0.16997289657592773,psp
94,96000,0.1,0.46395182609558105,ps
95,16300,0.1,0.04774975776672363,psp
96,44800,0.1,0.20874786376953125,ps
97,117300,0.1,0.33434319496154785,psp
98,96000,0.1,0.46619439125061035,ps
99,445300,0.1,1.2598159313201904,psp
100,96000,0.1,0.4730560779571533,ps
101,228000,0.1,0.6271548271179199,psp
102,44800,0.1,0.20640993118286133,ps
103,230700,0.1,0.6426501274108887,psp
104,198400,0.1,1.0274720191955566,ps
105,35400,0.1,0.10235190391540527,psp
106,96000,0.1,0.46230387687683105,ps
107,430000,0.1,1.1979382038116455,psp
108,44800,0.1,0.20359396934509277,ps
109,57700,0.1,0.16605424880981445,psp
110,19200,0.1,0.08576726913452148,ps
111,31300,0.1,0.09272003173828125,psp
112,96000,0.1,0.46121692657470703,ps
113,19200,0.1,0.05820894241333008,psp
114,96000,0.1,0.4917330741882324,ps
115,57300,0.1,0.16056299209594727,psp
116,19200,0.1,0.0799720287322998,ps
117,441300,0.1,1.2329881191253662,psp
118,96000,0.1,0.5607848167419434,ps
119,61000,0.1,0.17552900314331055,psp
120,198400,0.1,1.0536468029022217,ps
121,33700,0.1,0.09914708137512207,psp
122,198400,0.1,1.0071418285369873,ps
123,55900,0.1,0.16173386573791504,psp
124,96000,0.1,0.4676940441131592,ps
125,113900,0.1,0.316699743270874,psp
126,44800,0.1,0.21509814262390137,ps
127,116200,0.1,0.3428521156311035,psp
128,44800,0.1,0.20693087577819824,ps
129,119400,0.1,0.3541831970214844,psp
130,44800,0.1,0.3785738945007324,ps
131,60900,0.1,0.2521698474884033,psp
132,96000,0.1,0.6252350807189941,ps
133,122000,0.1,0.5006611347198486,psp
134,44800,0.1,0.2056717872619629,ps
135,33000,0.1,0.09740996360778809,psp
136,198400,0.1,1.2528979778289795,ps
137,36000,0.1,0.10764503479003906,psp
138,198400,0.1,1.0200791358947754,ps
139,18100,0.1,0.05329394340515137,psp
140,44800,0.1,0.20447516441345215,ps
141,58500,0.1,0.1639859676361084,psp
142,19200,0.1,0.08664703369140625,ps
143,58300,0.1,0.1665041446685791,psp
144,44800,0.1,0.2114579677581787,ps
145,38200,0.1,0.11304187774658203,psp
146,198400,0.1,1.0108511447906494,ps
147,31400,0.1,0.09133625030517578,psp
148,44800,0.1,0.20474505424499512,ps
149,225700,0.1,0.6383969783782959,psp
150,198400,0.1,1.0005881786346436,ps
151,223400,0.1,0.6307570934295654,psp
152,403200,0.1,2.110502004623413,ps
153,115800,0.1,0.34441709518432617,psp
154,19200,0.1,0.08563899993896484,ps
155,120200,0.1,0.34782981872558594,psp
156,19200,0.1,0.07808494567871094,ps
157,31700,0.1,0.09024310111999512,psp
158,19200,0.1,0.08700013160705566,ps
159,33000,0.1,0.09418010711669922,psp
160,198400,0.1,1.0014750957489014,ps
161,16300,0.1,0.04761910438537598,psp
162,403200,0.1,2.087467908859253,ps
163,110500,0.1,0.30762600898742676,psp
164,403200,0.1,2.1224958896636963,ps
165,61900,0.1,0.17291879653930664,psp
166,19200,0.1,0.08042716979980469,ps
167,60600,0.1,0.1739499568939209,psp
168,198400,0.1,1.0080158710479736,ps
169,109300,0.1,0.3147451877593994,psp
170,96000,0.1,0.4698648452758789,ps
171,118100,0.1,0.3396308422088623,psp
172,198400,0.1,1.0135328769683838,ps
173,235800,0.1,0.658318042755127,psp
174,96000,0.1,0.47106504440307617,ps
175,117100,0.1,0.32831406593322754,psp
176,19200,0.1,0.08365988731384277,ps
177,219100,0.1,0.6243510246276855,psp
178,198400,0.1,1.0230951309204102,ps
179,214900,0.1,0.6171119213104248,psp
180,198400,0.1,1.0500109195709229,ps
181,67000,0.1,0.18942523002624512,psp
182,198400,0.1,1.0575532913208008,ps
183,6400,0.1,0.019212007522583008,psp
184,96000,0.1,0.4750339984893799,ps
185,448400,0.1,1.3069267272949219,psp
186,19200,0.1,0.08262085914611816,ps
187,60800,0.1,0.17178797721862793,psp
188,198400,0.1,1.0326828956604004,ps
189,221800,0.1,0.646467924118042,psp
190,403200,0.1,2.1065521240234375,ps
191,239400,0.1,0.6891660690307617,psp
192,96000,0.1,0.5617280006408691,ps
193,33400,0.1,0.1038217544555664,psp
194,44800,0.1,0.24440598487854004,ps
195,58900,0.1,0.18820500373840332,psp
196,19200,0.1,0.08840513229370117,ps
197,459400,0.1,1.3648579120635986,psp
198,96000,0.1,0.4743208885192871,ps
199,29500,0.1,0.08440709114074707,psp
200,198400,0.09,1.0370450019836426,ps
201,222400,0.09,0.631432056427002,psp
202,96000,0.09,0.47414612770080566,ps
203,110300,0.09,0.31382226943969727,psp
204,19200,0.09,0.08422613143920898,ps
205,121200,0.09,0.3453948497772217,psp
206,96000,0.09,0.4632699489593506,ps
207,70700,0.09,0.20780301094055176,psp
208,198400,0.09,1.0097460746765137,ps
209,114700,0.09,0.32632994651794434,psp
210,198400,0.09,1.0017130374908447,ps
211,425500,0.09,1.1927459239959717,psp
212,198400,0.09,1.0455448627471924,ps
213,34100,0.09,0.09762310981750488,psp
214,96000,0.09,0.46285390853881836,ps
215,30500,0.09,0.08819890022277832,psp
216,19200,0.09,0.09325313568115234,ps
217,30500,0.09,0.09554481506347656,psp
218,96000,0.09,0.45973920822143555,ps
219,32400,0.09,0.09507107734680176,psp
220,198400,0.09,1.015990972518921,ps
221,55900,0.09,0.1566321849822998,psp
222,44800,0.09,0.21517014503479004,ps
223,226000,0.09,0.6288189888000488,psp
224,44800,0.09,0.19990015029907227,ps
225,115700,0.09,0.3430359363555908,psp
226,96000,0.09,0.46245408058166504,ps
227,121300,0.09,0.3470752239227295,psp
228,19200,0.09,0.08655905723571777,ps
229,430600,0.09,1.1998839378356934,psp
230,403200,0.09,2.126786947250366,ps
231,21400,0.09,0.06054115295410156,psp
232,198400,0.09,1.0009739398956299,ps
233,55900,0.09,0.16507911682128906,psp
234,19200,0.09,0.08372616767883301,ps
235,30900,0.09,0.09200501441955566,psp
236,96000,0.09,0.4747309684753418,ps
237,57300,0.09,0.15822219848632812,psp
238,44800,0.09,0.23596692085266113,ps
239,121800,0.09,0.3478090763092041,psp
240,198400,0.09,1.0110771656036377,ps
241,65200,0.09,0.1824650764465332,psp
242,44800,0.09,0.20388007164001465,ps
243,36400,0.09,0.1063699722290039,psp
244,403200,0.09,2.1113500595092773,ps
245,63300,0.09,0.1809380054473877,psp
246,198400,0.09,1.0161428451538086,ps
247,114600,0.09,0.3267359733581543,psp
248,96000,0.09,0.46594905853271484,ps
249,115500,0.09,0.3292369842529297,psp
250,44800,0.09,0.20365381240844727,ps
251,122500,0.09,0.3449699878692627,psp
252,198400,0.09,1.008061170578003,ps
253,120000,0.09,0.3411593437194824,psp
254,44800,0.09,0.21042990684509277,ps
255,115300,0.09,0.32639193534851074,psp
256,198400,0.09,1.006648063659668,ps
257,68800,0.09,0.19505906105041504,psp
258,198400,0.09,1.0146801471710205,ps
259,65000,0.09,0.20038604736328125,psp
260,198400,0.09,1.007807970046997,ps
261,118000,0.09,0.3400449752807617,psp
262,96000,0.09,0.5558488368988037,ps
263,222600,0.09,0.6653740406036377,psp
264,96000,0.09,0.47253990173339844,ps
265,108700,0.09,0.3091268539428711,psp
266,198400,0.09,1.0318348407745361,ps
267,57500,0.09,0.16419410705566406,psp
268,96000,0.09,0.46492505073547363,ps
269,112400,0.09,0.3208811283111572,psp
270,96000,0.09,0.4623830318450928,ps
271,427000,0.09,2.1950011253356934,psp
272,96000,0.09,0.46124696731567383,ps
273,30500,0.09,0.08924412727355957,psp
274,198400,0.09,1.0099420547485352,ps
275,224000,0.09,0.6560661792755127,psp
276,44800,0.09,0.21452021598815918,ps
277,20200,0.09,0.058485984802246094,psp
278,96000,0.09,0.47286009788513184,ps
279,438100,0.09,1.265401840209961,psp
280,96000,0.09,0.4633059501647949,ps
281,114900,0.09,0.32954907417297363,psp
282,96000,0.09,0.47048282623291016,ps
283,113000,0.09,0.3162498474121094,psp
284,403200,0.09,2.1256961822509766,ps
285,232300,0.09,0.6600692272186279,psp
286,812800,0.09,4.408718109130859,ps
287,60200,0.09,0.17180919647216797,psp
288,403200,0.09,2.132352113723755,ps
289,59500,0.09,0.17259597778320312,psp
290,96000,0.09,0.47107505798339844,ps
291,218000,0.09,0.6177079677581787,psp
292,96000,0.09,0.475614070892334,ps
293,116100,0.09,0.33574724197387695,psp
294,198400,0.09,1.0190222263336182,ps
295,220100,0.09,0.620621919631958,psp
296,198400,0.09,1.026170015335083,ps
297,112200,0.09,0.3148469924926758,psp
298,44800,0.09,0.20767593383789062,ps
299,59600,0.09,0.16572213172912598,psp
300,198400,0.09,1.0053679943084717,ps
301,65200,0.09,0.18755388259887695,psp
302,44800,0.09,0.2222609519958496,ps
303,30900,0.09,0.08846473693847656,psp
304,19200,0.09,0.08471870422363281,ps
305,31300,0.09,0.09658503532409668,psp
306,44800,0.09,0.20549392700195312,ps
307,112300,0.09,0.3262758255004883,psp
308,44800,0.09,0.20900869369506836,ps
309,16900,0.09,0.0509488582611084,psp
310,44800,0.09,0.21629095077514648,ps
311,61200,0.09,0.17462801933288574,psp
312,198400,0.09,1.0272269248962402,ps
313,219700,0.09,0.6214110851287842,psp
314,44800,0.09,0.2097179889678955,ps
315,33000,0.09,0.09240603446960449,psp
316,96000,0.09,0.4744393825531006,ps
317,58000,0.09,0.16740989685058594,psp
318,96000,0.09,0.47042202949523926,ps
319,222200,0.09,0.6244230270385742,psp
320,96000,0.09,0.4756932258605957,ps
321,65100,0.09,0.18987607955932617,psp
322,96000,0.09,0.4672050476074219,ps
323,57700,0.09,0.16280007362365723,psp
324,44800,0.09,0.20504999160766602,ps
325,61900,0.09,0.1787261962890625,psp
326,198400,0.09,1.0149168968200684,ps
327,32000,0.09,0.0904388427734375,psp
328,403200,0.09,2.0994889736175537,ps
329,64100,0.09,0.18471980094909668,psp
330,403200,0.09,2.1248419284820557,ps
331,63900,0.09,0.18423128128051758,psp
332,403200,0.09,2.181572914123535,ps
333,112600,0.09,0.32781314849853516,psp
334,96000,0.09,0.4737222194671631,ps
335,214300,0.09,0.6033611297607422,psp
336,96000,0.09,0.4853487014770508,ps
337,66700,0.09,0.19080090522766113,psp
338,198400,0.09,0.999575138092041,ps
339,223200,0.09,0.6449029445648193,psp
340,19200,0.09,0.08420991897583008,ps
341,17500,0.09,0.05129599571228027,psp
342,198400,0.09,1.0302009582519531,ps
343,214300,0.09,0.594879150390625,psp
344,44800,0.09,0.20550298690795898,ps
345,30900,0.09,0.0912623405456543,psp
346,198400,0.09,1.001305103302002,ps
347,65200,0.09,0.18479204177856445,psp
348,96000,0.09,0.46571993827819824,ps
349,119100,0.09,0.3395082950592041,psp
350,44800,0.09,0.20889496803283691,ps
351,223700,0.09,0.6211709976196289,psp
352,403200,0.09,2.1288390159606934,ps
353,219700,0.09,0.7869596481323242,psp
354,198400,0.09,1.053070068359375,ps
355,17700,0.09,0.0549619197845459,psp
356,198400,0.09,1.0128979682922363,ps
357,21400,0.09,0.06908893585205078,psp
358,44800,0.09,0.21433091163635254,ps
359,113300,0.09,0.32105112075805664,psp
360,96000,0.09,0.4883241653442383,ps
361,214300,0.09,0.5993509292602539,psp
362,403200,0.09,2.1232781410217285,ps
363,220900,0.09,0.6515457630157471,psp
364,19200,0.09,0.08344292640686035,ps
365,115900,0.09,0.3239889144897461,psp
366,198400,0.09,1.0028338432312012,ps
367,31600,0.09,0.09115099906921387,psp
368,19200,0.09,0.08436989784240723,ps
369,224100,0.09,0.6310091018676758,psp
370,198400,0.09,1.0172820091247559,ps
371,113000,0.09,0.31897687911987305,psp
372,198400,0.09,0.9981579780578613,ps
373,220700,0.09,0.615818977355957,psp
374,198400,0.09,1.009436845779419,ps
375,55900,0.09,0.15890121459960938,psp
376,198400,0.09,1.0227670669555664,ps
377,32100,0.09,0.093994140625,psp
378,44800,0.09,0.2108290195465088,ps
379,65000,0.09,0.18364214897155762,psp
380,19200,0.09,0.0801849365234375,ps
381,116400,0.09,0.32726025581359863,psp
382,96000,0.09,0.47071003913879395,ps
383,32000,0.09,0.09277200698852539,psp
384,96000,0.09,0.4633359909057617,ps
385,37000,0.09,0.10342001914978027,psp
386,96000,0.09,0.4712088108062744,ps
387,37800,0.09,0.10750603675842285,psp
388,198400,0.09,1.0096981525421143,ps
389,62500,0.09,0.18113994598388672,psp
390,403200,0.09,2.123767852783203,ps
391,57000,0.09,0.16224193572998047,psp
392,44800,0.09,0.21567058563232422,ps
393,55900,0.09,0.1567552089691162,psp
394,96000,0.09,0.4671928882598877,ps
395,17800,0.09,0.0519869327545166,psp
396,96000,0.09,0.4663810729980469,ps
397,36500,0.09,0.10238075256347656,psp
398,198400,0.09,1.0493290424346924,ps
399,36500,0.09,0.10304880142211914,psp
400,96000,0.08,0.4825911521911621,ps
401,113300,0.08,0.3217508792877197,psp
402,96000,0.08,0.46955323219299316,ps
403,33000,0.08,0.09800410270690918,psp
404,403200,0.08,2.11966609954834,ps
405,228400,0.08,0.6373307704925537,psp
406,96000,0.08,0.4659419059753418,ps
407,115100,0.08,0.32024121284484863,psp
408,19200,0.08,0.08613991737365723,ps
409,18200,0.08,0.05314898490905762,psp
410,96000,0.08,0.4779369831085205,ps
411,61000,0.08,0.17136120796203613,psp
412,198400,0.08,1.0217337608337402,ps
413,61900,0.08,0.1719660758972168,psp
414,198400,0.08,0.9964721202850342,ps
415,114400,0.08,0.3654007911682129,psp
416,403200,0.08,2.131422996520996,ps
417,55900,0.08,0.15996193885803223,psp
418,96000,0.08,0.46297192573547363,ps
419,434400,0.08,1.2119731903076172,psp
420,812800,0.08,4.382421016693115,ps
421,426900,0.08,1.1830480098724365,psp
422,812800,0.08,4.345379114151001,ps
423,219100,0.08,0.6262598037719727,psp
424,198400,0.08,1.0197129249572754,ps
425,429800,0.08,1.2008259296417236,psp
426,198400,0.08,1.012876033782959,ps
427,121800,0.08,0.36603689193725586,psp
428,403200,0.08,2.106595039367676,ps
429,218500,0.08,0.6310610771179199,psp
430,198400,0.08,1.0165510177612305,ps
431,215700,0.08,0.6308877468109131,psp
432,198400,0.08,1.010009765625,ps
433,30900,0.08,0.08792328834533691,psp
434,96000,0.08,0.4766201972961426,ps
435,114900,0.08,0.3224470615386963,psp
436,44800,0.08,0.2039339542388916,ps
437,217600,0.08,0.6120719909667969,psp
438,403200,0.08,2.121222972869873,ps
439,108700,0.08,0.30771803855895996,psp
440,96000,0.08,0.4734761714935303,ps
441,217800,0.08,0.609417200088501,psp
442,403200,0.08,2.113266944885254,ps
443,108900,0.08,0.31978917121887207,psp
444,44800,0.08,0.20468926429748535,ps
445,115800,0.08,0.32271599769592285,psp
446,19200,0.08,0.07964777946472168,ps
447,441700,0.08,1.2472319602966309,psp
448,44800,0.08,0.20731520652770996,ps
449,426100,0.08,1.198329210281372,psp
450,96000,0.08,0.4684269428253174,ps
451,60400,0.08,0.1749260425567627,psp
452,44800,0.08,0.2052762508392334,ps
453,221400,0.08,0.6161296367645264,psp
454,198400,0.08,1.0048441886901855,ps
455,58900,0.08,0.1731569766998291,psp
456,198400,0.08,1.0295019149780273,ps
457,122600,0.08,0.3390970230102539,psp
458,44800,0.08,0.20575475692749023,ps
459,60400,0.08,0.16881370544433594,psp
460,198400,0.08,1.004054069519043,ps
461,123200,0.08,0.3447420597076416,psp
462,403200,0.08,2.0986711978912354,ps
463,227600,0.08,0.6359682083129883,psp
464,198400,0.08,1.008051872253418,ps
465,62200,0.08,0.18065404891967773,psp
466,198400,0.08,1.0067148208618164,ps
467,235200,0.08,0.6473968029022217,psp
468,19200,0.08,0.08090806007385254,ps
469,221400,0.08,0.6186561584472656,psp
470,96000,0.08,0.48432302474975586,ps
471,112500,0.08,0.3222470283508301,psp
472,403200,0.08,2.108283758163452,ps
473,430900,0.08,1.229058027267456,psp
474,96000,0.08,0.4890596866607666,ps
475,63400,0.08,0.1816401481628418,psp
476,96000,0.08,0.47115612030029297,ps
477,112500,0.08,0.32280898094177246,psp
478,44800,0.08,0.20358920097351074,ps
479,425500,0.08,1.1893649101257324,psp
480,96000,0.08,0.48322105407714844,ps
481,239800,0.08,0.6757440567016602,psp
482,198400,0.08,1.032163143157959,ps
483,226900,0.08,0.6471717357635498,psp
484,96000,0.08,0.4607729911804199,ps
485,428800,0.08,1.2101352214813232,psp
486,44800,0.08,0.2040719985961914,ps
487,117800,0.08,0.32749390602111816,psp
488,198400,0.08,1.0011587142944336,ps
489,426700,0.08,1.1980957984924316,psp
490,198400,0.08,1.0089221000671387,ps
491,111400,0.08,0.3332650661468506,psp
492,403200,0.08,2.1510589122772217,ps
493,121100,0.08,0.33817386627197266,psp
494,96000,0.08,0.47208499908447266,ps
495,68000,0.08,0.19412875175476074,psp
496,198400,0.08,1.0060410499572754,ps
497,18100,0.08,0.05196690559387207,psp
498,403200,0.08,2.095621109008789,ps
499,450900,0.08,1.2616009712219238,psp
500,198400,0.08,1.0136828422546387,ps
501,40700,0.08,0.13813400268554688,psp
502,96000,0.08,0.47615694999694824,ps
503,111800,0.08,0.3168830871582031,psp
504,96000,0.08,0.4788830280303955,ps
505,121800,0.08,0.33646082878112793,psp
506,198400,0.08,1.002763032913208,ps
507,60900,0.08,0.17021894454956055,psp
508,44800,0.08,0.2065870761871338,ps
509,214300,0.08,0.5969059467315674,psp
510,198400,0.08,0.9917991161346436,ps
511,55900,0.08,0.15687298774719238,psp
512,44800,0.08,0.21790814399719238,ps
513,113300,0.08,0.31971287727355957,psp
514,96000,0.08,0.46041274070739746,ps
515,33000,0.08,0.09400296211242676,psp
516,44800,0.08,0.20546627044677734,ps
517,231700,0.08,0.6425979137420654,psp
518,96000,0.08,0.522258996963501,ps
519,110800,0.08,0.30341482162475586,psp
520,198400,0.08,0.9952380657196045,ps
521,32200,0.08,0.09936404228210449,psp
522,19200,0.08,0.08351373672485352,ps
523,231900,0.08,0.6464231014251709,psp
524,198400,0.08,1.0282073020935059,ps
525,857200,0.08,2.424752950668335,psp
526,198400,0.08,1.0137739181518555,ps
527,33000,0.08,0.10115599632263184,psp
528,44800,0.08,0.2143418788909912,ps
529,120900,0.08,0.33562493324279785,psp
530,403200,0.08,2.1081552505493164,ps
531,427300,0.08,1.2003898620605469,psp
532,198400,0.08,1.1699600219726562,ps
533,109400,0.08,0.4615497589111328,psp
534,96000,0.08,0.4685492515563965,ps
535,220800,0.08,0.6229476928710938,psp
536,198400,0.08,1.0172958374023438,ps
537,229800,0.08,0.6460700035095215,psp
538,96000,0.08,0.4690539836883545,ps
539,118200,0.08,0.3345463275909424,psp
540,96000,0.08,0.4687013626098633,ps
541,127100,0.08,0.3547060489654541,psp
542,96000,0.08,0.4869070053100586,ps
543,226900,0.08,0.631838321685791,psp
544,96000,0.08,0.4746532440185547,ps
545,218800,0.08,0.6138062477111816,psp
546,403200,0.08,2.132091760635376,ps
547,34200,0.08,0.09841704368591309,psp
548,96000,0.08,0.46482205390930176,ps
549,437200,0.08,1.2283482551574707,psp
550,44800,0.08,0.21046710014343262,ps
551,116000,0.08,0.32793712615966797,psp
552,198400,0.08,1.0159180164337158,ps
553,66100,0.08,0.18398618698120117,psp
554,403200,0.08,2.1041159629821777,ps
555,110900,0.08,0.3372201919555664,psp
556,198400,0.08,1.0400209426879883,ps
557,16900,0.08,0.04937100410461426,psp
558,44800,0.08,0.20368289947509766,ps
559,57700,0.08,0.16548919677734375,psp
560,403200,0.08,2.1144230365753174,ps
561,217000,0.08,0.6081769466400146,psp
562,198400,0.08,1.0158281326293945,ps
563,222500,0.08,0.6509089469909668,psp
564,19200,0.08,0.08657097816467285,ps
565,55900,0.08,0.15866875648498535,psp
566,96000,0.08,0.6993520259857178,ps
567,215700,0.08,0.6229910850524902,psp
568,19200,0.08,0.08003592491149902,ps
569,430400,0.08,1.2051618099212646,psp
570,198400,0.08,1.0106570720672607,ps
571,118500,0.08,0.34775400161743164,psp
572,96000,0.08,0.4728248119354248,ps
573,33800,0.08,0.10299801826477051,psp
574,198400,0.08,1.0366249084472656,ps
575,224200,0.08,0.6273648738861084,psp
576,198400,0.08,1.0089061260223389,ps
577,226200,0.08,0.6471922397613525,psp
578,403200,0.08,2.614910125732422,ps
579,108700,0.08,0.587831974029541,psp
580,19200,0.08,0.21162986755371094,ps
581,231800,0.08,0.6545321941375732,psp
582,403200,0.08,2.13220477104187,ps
583,33000,0.08,0.10130190849304199,psp
584,96000,0.08,0.4729142189025879,ps
585,429100,0.08,1.2172119617462158,psp
586,96000,0.08,0.469102144241333,ps
587,111000,0.08,0.3217000961303711,psp
588,96000,0.08,0.47030091285705566,ps
589,31600,0.08,0.09238791465759277,psp
590,96000,0.08,0.4824490547180176,ps
591,122000,0.08,0.3441300392150879,psp
592,19200,0.08,0.08825016021728516,ps
593,32600,0.08,0.09408926963806152,psp
594,198400,0.08,1.0130770206451416,ps
595,60800,0.08,0.23971891403198242,psp
596,96000,0.08,0.9379880428314209,ps
597,60600,0.08,0.2571530342102051,psp
598,96000,0.08,0.5584399700164795,ps
599,120200,0.08,0.48990392684936523,psp
600,403200,0.07,3.1742238998413086,ps
601,222600,0.07,0.6235678195953369,psp
602,198400,0.07,1.007336139678955,ps
603,441300,0.07,1.2284140586853027,psp
604,44800,0.07,0.20439910888671875,ps
605,221900,0.07,0.6346371173858643,psp
606,96000,0.07,0.47010111808776855,ps
607,431700,0.07,1.2322962284088135,psp
608,198400,0.07,1.0236830711364746,ps
609,110800,0.07,0.36757588386535645,psp
610,198400,0.07,1.033121109008789,ps
611,67300,0.07,0.18681120872497559,psp
612,198400,0.07,1.3229689598083496,ps
613,217800,0.07,0.6334700584411621,psp
614,403200,0.07,2.10221004486084,ps
615,58200,0.07,0.1705920696258545,psp
616,44800,0.07,0.20909404754638672,ps
617,62900,0.07,0.1862649917602539,psp
618,96000,0.07,0.4629790782928467,ps
619,118500,0.07,0.34376001358032227,psp
620,96000,0.07,0.4664180278778076,ps
621,113300,0.07,0.3212709426879883,psp
622,44800,0.07,0.20831584930419922,ps
623,217300,0.07,0.611361026763916,psp
624,44800,0.07,0.20618915557861328,ps
625,222200,0.07,0.628302812576294,psp
626,198400,0.07,1.0116338729858398,ps
627,113300,0.07,0.31740283966064453,psp
628,198400,0.07,1.0144870281219482,ps
629,425500,0.07,1.2306182384490967,psp
630,198400,0.07,1.0030019283294678,ps
631,130800,0.07,0.36719608306884766,psp
632,403200,0.07,2.093430995941162,ps
633,222000,0.07,0.6192519664764404,psp
634,403200,0.07,2.122446060180664,ps
635,214300,0.07,0.9757876396179199,psp
636,812800,0.07,5.175621032714844,ps
637,217300,0.07,0.6056687831878662,psp
638,198400,0.07,1.0153381824493408,ps
639,57700,0.07,0.16552996635437012,psp
640,96000,0.07,0.4673018455505371,ps
641,64100,0.07,0.19129681587219238,psp
642,403200,0.07,2.1773810386657715,ps
643,30500,0.07,0.09404397010803223,psp
644,44800,0.07,0.2380521297454834,ps
645,848800,0.07,2.386584758758545,psp
646,44800,0.07,0.2281970977783203,ps
647,112400,0.07,0.3286910057067871,psp
648,44800,0.07,0.2069559097290039,ps
649,128000,0.07,0.3640248775482178,psp
650,198400,0.07,1.041029930114746,ps
651,30300,0.07,0.0854949951171875,psp
652,198400,0.07,0.9910712242126465,ps
653,108700,0.07,0.3072052001953125,psp
654,198400,0.07,1.0067799091339111,ps
655,221800,0.07,0.6248950958251953,psp
656,96000,0.07,0.4791698455810547,ps
657,57800,0.07,0.16771817207336426,psp
658,198400,0.07,1.0558230876922607,ps
659,59800,0.07,0.16620683670043945,psp
660,198400,0.07,1.0031652450561523,ps
661,439800,0.07,1.2326059341430664,psp
662,198400,0.07,1.0128710269927979,ps
663,428700,0.07,1.2078971862792969,psp
664,198400,0.07,1.007514238357544,ps
665,110200,0.07,0.30898213386535645,psp
666,44800,0.07,0.2053079605102539,ps
667,214300,0.07,0.6113002300262451,psp
668,96000,0.07,0.47677183151245117,ps
669,108700,0.07,0.3154017925262451,psp
670,403200,0.07,2.151319742202759,ps
671,36200,0.07,0.10127067565917969,psp
672,198400,0.07,1.0244941711425781,ps
673,215600,0.07,0.6194210052490234,psp
674,198400,0.07,1.0222530364990234,ps
675,847900,0.07,2.3814537525177,psp
676,403200,0.07,2.1411709785461426,ps
677,55900,0.07,0.16423797607421875,psp
678,96000,0.07,0.4657299518585205,ps
679,425500,0.07,1.2061150074005127,psp
680,44800,0.07,0.2047560214996338,ps
681,19200,0.07,0.07747197151184082,ps
682,30900,0.07,0.08806490898132324,psp
683,403200,0.07,2.0960471630096436,ps
684,117000,0.07,0.3403160572052002,psp
685,96000,0.07,0.468167781829834,ps
686,111600,0.07,0.32801103591918945,psp
687,403200,0.07,2.3311269283294678,ps
688,59600,0.07,0.16728925704956055,psp
689,44800,0.07,0.20511484146118164,ps
690,108700,0.07,0.30371928215026855,psp
691,96000,0.07,0.4647359848022461,ps
692,108700,0.07,0.3074307441711426,psp
693,44800,0.07,0.2403421401977539,ps
694,57700,0.07,0.16969919204711914,psp
695,403200,0.07,2.1068549156188965,ps
696,426900,0.07,1.1885182857513428,psp
697,198400,0.07,1.0058271884918213,ps
698,30100,0.07,0.09099197387695312,psp
699,198400,0.07,1.494828224182129,ps
700,66500,0.07,0.18709301948547363,psp
701,198400,0.07,1.4225761890411377,ps
702,58000,0.07,0.1801309585571289,psp
703,198400,0.07,1.4107236862182617,ps
704,113200,0.07,0.31943511962890625,psp
705,96000,0.07,0.4721977710723877,ps
706,119100,0.07,0.328279972076416,psp
707,198400,0.07,1.0990939140319824,ps
708,214300,0.07,0.6021988391876221,psp
709,96000,0.07,0.45851683616638184,ps
710,219500,0.07,0.6155331134796143,psp
711,198400,0.07,1.0099730491638184,ps
712,217300,0.07,0.6035449504852295,psp
713,96000,0.07,0.47103023529052734,ps
714,108700,0.07,0.31312108039855957,psp
715,96000,0.07,0.5130558013916016,ps
716,221400,0.07,0.6426858901977539,psp
717,1632000,0.07,8.853218078613281,ps
718,433700,0.07,1.2389142513275146,psp
719,44800,0.07,0.21465015411376953,ps
720,62100,0.07,0.17574620246887207,psp
721,403200,0.07,2.1122689247131348,ps
722,124300,0.07,0.34644103050231934,psp
723,812800,0.07,4.330499172210693,ps
724,112100,0.07,0.3120901584625244,psp
725,198400,0.07,1.0180480480194092,ps
726,113500,0.07,0.3174707889556885,psp
727,198400,0.07,1.0103209018707275,ps
728,226600,0.07,0.634803056716919,psp
729,198400,0.07,1.0211451053619385,ps
730,57800,0.07,0.16537809371948242,psp
731,198400,0.07,1.0040578842163086,ps
732,215200,0.07,0.6012818813323975,psp
733,198400,0.07,1.1212787628173828,ps
734,438900,0.07,1.2535040378570557,psp
735,403200,0.07,2.1272079944610596,ps
736,218200,0.07,0.617779016494751,psp
737,403200,0.07,2.1222190856933594,ps
738,439700,0.07,1.2313408851623535,psp
739,403200,0.07,2.111021041870117,ps
740,216400,0.07,0.6133568286895752,psp
741,96000,0.07,0.47495293617248535,ps
742,57800,0.07,0.18082976341247559,psp
743,44800,0.07,0.20620322227478027,ps
744,59100,0.07,0.1674807071685791,psp
745,96000,0.07,0.4755818843841553,ps
746,226600,0.07,0.6478028297424316,psp
747,96000,0.07,0.4928607940673828,ps
748,215800,0.07,0.6052811145782471,psp
749,96000,0.07,0.5090439319610596,ps
750,215700,0.07,0.6016299724578857,psp
751,19200,0.07,0.08735799789428711,ps
752,118000,0.07,0.33942604064941406,psp
753,96000,0.07,0.4658701419830322,ps
754,216600,0.07,0.6147689819335938,psp
755,96000,0.07,0.4707918167114258,ps
756,116300,0.07,0.3308439254760742,psp
757,96000,0.07,0.4673457145690918,ps
758,234800,0.07,0.6629741191864014,psp
759,96000,0.07,0.46799802780151367,ps
760,222100,0.07,0.6271107196807861,psp
761,96000,0.07,0.4702110290527344,ps
762,218500,0.07,0.6263899803161621,psp
763,96000,0.07,0.4733269214630127,ps
764,219400,0.07,0.6212701797485352,psp
765,403200,0.07,2.1469080448150635,ps
766,128800,0.07,0.36599278450012207,psp
767,96000,0.07,0.47697997093200684,ps
768,215500,0.07,0.6241598129272461,psp
769,403200,0.07,2.1178219318389893,ps
770,58900,0.07,0.17216205596923828,psp
771,198400,0.07,1.0482418537139893,ps
772,214300,0.07,0.6005861759185791,psp
773,96000,0.07,0.46639513969421387,ps
774,229300,0.07,0.6572189331054688,psp
775,198400,0.07,1.0293776988983154,ps
776,214300,0.07,0.6216487884521484,psp
777,198400,0.07,1.0171351432800293,ps
778,55900,0.07,0.16303515434265137,psp
779,44800,0.07,0.20433902740478516,ps
780,429500,0.07,1.216749906539917,psp
781,96000,0.07,0.47133684158325195,ps
782,35800,0.07,0.10144209861755371,psp
783,96000,0.07,0.4827101230621338,ps
784,239000,0.07,0.6651980876922607,psp
785,198400,0.07,1.014132022857666,ps
786,117800,0.07,0.3343679904937744,psp
787,96000,0.07,0.47432875633239746,ps
788,118000,0.07,0.32894372940063477,psp
789,198400,0.07,1.0078458786010742,ps
790,109600,0.07,0.3072969913482666,psp
791,198400,0.07,1.0212469100952148,ps
792,32400,0.07,0.09309577941894531,psp
793,198400,0.07,1.0125160217285156,ps
794,116400,0.07,0.34984397888183594,psp
795,44800,0.07,0.20991277694702148,ps
796,30900,0.07,0.08858489990234375,psp
797,96000,0.07,0.4761059284210205,ps
798,60900,0.07,0.1731560230255127,psp
799,198400,0.06,1.0161328315734863,ps
800,850900,0.06,2.3885722160339355,psp
801,96000,0.06,0.47730278968811035,ps
802,428500,0.06,1.1934177875518799,psp
803,44800,0.06,0.2068469524383545,ps
804,120500,0.06,0.34636998176574707,psp
805,96000,0.06,0.5170350074768066,ps
806,115700,0.06,0.32464098930358887,psp
807,198400,0.06,1.0113399028778076,ps
808,425500,0.06,1.204007863998413,psp
809,403200,0.06,2.121495008468628,ps
810,123800,0.06,0.3424057960510254,psp
811,812800,0.06,4.366173028945923,ps
812,430100,0.06,1.2067840099334717,psp
813,198400,0.06,1.0266602039337158,ps
814,113800,0.06,0.3208341598510742,psp
815,403200,0.06,2.136645793914795,ps
816,35600,0.06,0.10023903846740723,psp
817,44800,0.06,0.2121601104736328,ps
818,429400,0.06,1.2304399013519287,psp
819,198400,0.06,1.0246069431304932,ps
820,426500,0.06,1.2076852321624756,psp
821,198400,0.06,1.0079741477966309,ps
822,224200,0.06,0.6274621486663818,psp
823,812800,0.06,4.349687099456787,ps
824,220200,0.06,0.6108179092407227,psp
825,44800,0.06,0.2088489532470703,ps
826,431700,0.06,1.218130111694336,psp
827,96000,0.06,0.470684289932251,ps
828,68900,0.06,0.202470064163208,psp
829,198400,0.06,1.021388053894043,ps
830,62800,0.06,0.17813396453857422,psp
831,44800,0.06,0.20318102836608887,ps
832,110500,0.06,0.3087289333343506,psp
833,198400,0.06,1.0016231536865234,ps
834,57300,0.06,0.16630220413208008,psp
835,198400,0.06,1.0179040431976318,ps
836,224000,0.06,0.6249780654907227,psp
837,96000,0.06,0.48441600799560547,ps
838,429200,0.06,1.198409080505371,psp
839,812800,0.06,4.394845008850098,ps
840,431100,0.06,1.2105281352996826,psp
841,812800,0.06,4.3651282787323,ps
842,109300,0.06,0.30517077445983887,psp
843,198400,0.06,1.0049011707305908,ps
844,70100,0.06,0.2009599208831787,psp
845,403200,0.06,2.1465399265289307,ps
846,119800,0.06,0.34520506858825684,psp
847,198400,0.06,1.0167131423950195,ps
848,230600,0.06,0.6531248092651367,psp
849,198400,0.06,1.0089609622955322,ps
850,35400,0.06,0.10188531875610352,psp
851,403200,0.06,2.1169559955596924,ps
852,32100,0.06,0.0908060073852539,psp
853,403200,0.06,2.133197069168091,ps
854,61000,0.06,0.17428112030029297,psp
855,812800,0.06,4.370236873626709,ps
856,57200,0.06,0.16791701316833496,psp
857,198400,0.06,1.009411096572876,ps
858,848500,0.06,2.390697956085205,psp
859,198400,0.06,1.0227470397949219,ps
860,847900,0.06,2.560713052749634,psp
861,812800,0.06,4.376161098480225,ps
862,426900,0.06,1.191627025604248,psp
863,812800,0.06,4.318879127502441,ps
864,425800,0.06,1.2187919616699219,psp
865,96000,0.06,0.4665050506591797,ps
866,428500,0.06,1.1923201084136963,psp
867,403200,0.06,2.115926742553711,ps
868,221700,0.06,0.6240980625152588,psp
869,812800,0.06,4.399963855743408,ps
870,30900,0.06,0.09079408645629883,psp
871,812800,0.06,4.9812750816345215,ps
872,222900,0.06,0.6221590042114258,psp
873,403200,0.06,2.0960609912872314,ps
874,225200,0.06,0.6276180744171143,psp
875,198400,0.06,1.119311809539795,ps
876,231200,0.06,0.7129130363464355,psp
877,198400,0.06,1.112637996673584,ps
878,59600,0.06,0.18440508842468262,psp
879,96000,0.06,0.4935109615325928,ps
880,233700,0.06,0.6537888050079346,psp
881,198400,0.06,1.004683017730713,ps
882,72600,0.06,0.21519684791564941,psp
883,403200,0.06,2.0981907844543457,ps
884,858800,0.06,2.363088846206665,psp
885,44800,0.06,0.20192480087280273,ps
886,119400,0.06,0.34169793128967285,psp
887,198400,0.06,0.9921770095825195,ps
888,60100,0.06,0.16904997825622559,psp
889,1632000,0.06,8.809492826461792,ps
890,854200,0.06,2.353037118911743,psp
891,812800,0.06,4.3155810832977295,ps
892,425500,0.06,1.1855969429016113,psp
893,403200,0.06,2.0820438861846924,ps
894,114800,0.06,0.3215179443359375,psp
895,96000,0.06,0.46427202224731445,ps
896,111800,0.06,0.32116103172302246,psp
897,198400,0.06,0.9969470500946045,ps
898,453300,0.06,1.2675457000732422,psp
899,812800,0.06,4.312716007232666,ps
900,426900,0.06,1.1806199550628662,psp
901,44800,0.06,0.20157170295715332,ps
902,110900,0.06,0.30742788314819336,psp
903,198400,0.06,0.9976859092712402,ps
904,216800,0.06,0.6005258560180664,psp
905,812800,0.06,4.314249038696289,ps
906,222500,0.06,0.9361910820007324,psp
907,96000,0.06,0.6011419296264648,ps
908,113300,0.06,0.3212919235229492,psp
909,44800,0.06,0.206010103225708,ps
910,436600,0.06,1.2137489318847656,psp
911,198400,0.06,1.0016300678253174,ps
912,116500,0.06,0.329495906829834,psp
913,198400,0.06,0.9861180782318115,ps
914,430200,0.06,1.211961030960083,psp
915,198400,0.06,0.9842171669006348,ps
916,218600,0.06,0.5977189540863037,psp
917,96000,0.06,0.454556941986084,ps
918,115300,0.06,0.31667399406433105,psp
919,403200,0.06,2.099349021911621,ps
920,121100,0.06,0.3358030319213867,psp
921,198400,0.06,0.9874129295349121,ps
922,221200,0.06,0.6148731708526611,psp
923,96000,0.06,0.45920586585998535,ps
924,32500,0.06,0.09481287002563477,psp
925,96000,0.06,0.46629977226257324,ps
926,217800,0.06,0.6062488555908203,psp
927,96000,0.06,0.45034098625183105,ps
928,433200,0.06,1.2179949283599854,psp
929,198400,0.06,1.0013933181762695,ps
930,62800,0.06,0.17642521858215332,psp
931,44800,0.06,0.19151806831359863,ps
932,214300,0.06,0.5934250354766846,psp
933,198400,0.06,0.98966383934021,ps
934,851300,0.06,2.372313976287842,psp
935,96000,0.06,0.450563907623291,ps
936,119000,0.06,0.3382580280303955,psp
937,198400,0.06,1.0337350368499756,ps
938,437800,0.06,1.2105591297149658,psp
939,198400,0.06,0.984827995300293,ps
940,219400,0.06,0.6287012100219727,psp
941,403200,0.06,2.069719076156616,ps
942,852400,0.06,2.361555814743042,psp
943,812800,0.06,4.3004748821258545,ps
944,218800,0.06,0.6091470718383789,psp
945,96000,0.06,0.4519309997558594,ps
946,219800,0.06,0.6173050403594971,psp
947,198400,0.06,0.9862101078033447,ps
948,111700,0.06,0.307370662689209,psp
949,403200,0.06,2.056614875793457,ps
950,220800,0.06,0.6080598831176758,psp
951,198400,0.06,0.9806640148162842,ps
952,110200,0.06,0.3034098148345947,psp
953,44800,0.06,0.23255610466003418,ps
954,219500,0.06,0.6076607704162598,psp
955,96000,0.06,0.4554150104522705,ps
956,853000,0.06,2.363367795944214,psp
957,403200,0.06,2.075232982635498,ps
958,108700,0.06,0.2994968891143799,psp
959,198400,0.06,0.9827241897583008,ps
960,116000,0.06,0.33066582679748535,psp
961,198400,0.06,1.0232560634613037,ps
962,113800,0.06,0.31408214569091797,psp
963,1632000,0.06,8.744925022125244,ps
964,868500,0.06,2.5407700538635254,psp
965,403200,0.06,2.091625928878784,ps
966,430400,0.06,1.1932930946350098,psp
967,198400,0.06,0.9992740154266357,ps
968,108700,0.06,0.304440975189209,psp
969,403200,0.06,2.0736160278320312,ps
970,110900,0.06,0.3046751022338867,psp
971,403200,0.06,2.08872389793396,ps
972,217800,0.06,0.6192989349365234,psp
973,198400,0.06,1.0176851749420166,ps
974,427100,0.06,1.180354118347168,psp
975,403200,0.06,2.066743850708008,ps
976,57700,0.06,0.16549110412597656,psp
977,44800,0.06,0.19486188888549805,ps
978,435300,0.06,1.2105610370635986,psp
979,1632000,0.06,8.82211709022522,ps
980,108700,0.06,0.3028287887573242,psp
981,198400,0.06,0.9847660064697266,ps
982,111500,0.06,0.31243896484375,psp
983,96000,0.06,0.46938109397888184,ps
984,225400,0.06,0.6198630332946777,psp
985,403200,0.06,2.1082570552825928,ps
986,121400,0.06,0.3351321220397949,psp
987,198400,0.06,0.9818150997161865,ps
988,445000,0.06,1.2274489402770996,psp
989,44800,0.06,0.1934490203857422,ps
990,119300,0.06,0.33121609687805176,psp
991,44800,0.06,0.19238805770874023,ps
992,57900,0.06,0.16520905494689941,psp
993,96000,0.06,0.4541330337524414,ps
994,114600,0.06,0.32220911979675293,psp
995,44800,0.06,0.19491887092590332,ps
996,38600,0.06,0.1076500415802002,psp
997,198400,0.06,0.9914679527282715,ps
998,67000,0.06,0.18744301795959473,psp
999,403200,0.05,2.094773054122925,ps
1000,218000,0.05,0.6092529296875,psp
1001,403200,0.05,2.1126058101654053,ps
1002,425500,0.05,1.203719139099121,psp
1003,44800,0.05,0.19645094871520996,ps
1004,121300,0.05,0.342742919921875,psp
1005,403200,0.05,2.084897994995117,ps
1006,108700,0.05,0.29949307441711426,psp
1007,96000,0.05,0.46460413932800293,ps
1008,110800,0.05,0.3170812129974365,psp
1009,403200,0.05,2.126729965209961,ps
1010,426400,0.05,1.1858198642730713,psp
1011,403200,0.05,2.095553159713745,ps
1012,435300,0.05,1.2226500511169434,psp
1013,403200,0.05,2.0641469955444336,ps
1014,113100,0.05,0.31419897079467773,psp
1015,96000,0.05,0.46262598037719727,ps
1016,853800,0.05,2.358304977416992,psp
1017,403200,0.05,2.082216262817383,ps
1018,108700,0.05,0.3035910129547119,psp
1019,96000,0.05,0.46732401847839355,ps
1020,110500,0.05,0.312457799911499,psp
1021,403200,0.05,2.077927827835083,ps
1022,216100,0.05,0.6029760837554932,psp
1023,403200,0.05,2.085487127304077,ps
1024,61400,0.05,0.17387914657592773,psp
1025,96000,0.05,0.4537827968597412,ps
1026,427300,0.05,1.1778841018676758,psp
1027,198400,0.05,0.9891970157623291,ps
1028,110100,0.05,0.3079807758331299,psp
1029,96000,0.05,0.4522700309753418,ps
1030,60700,0.05,0.17251205444335938,psp
1031,403200,0.05,2.09926700592041,ps
1032,110800,0.05,0.3080790042877197,psp
1033,198400,0.05,0.9771559238433838,ps
1034,427900,0.05,1.1850922107696533,psp
1035,198400,0.05,0.9982140064239502,ps
1036,214300,0.05,0.6009011268615723,psp
1037,812800,0.05,4.3287880420684814,ps
1038,62200,0.05,0.1743459701538086,psp
1039,96000,0.05,0.4542360305786133,ps
1040,217300,0.05,0.5971798896789551,psp
1041,198400,0.05,1.0086820125579834,ps
1042,435200,0.05,1.2129061222076416,psp
1043,96000,0.05,0.4551711082458496,ps
1044,64200,0.05,0.18332862854003906,psp
1045,198400,0.05,1.002290964126587,ps
1046,403200,0.05,2.068476915359497,ps
1047,124200,0.05,0.34299206733703613,psp
1048,403200,0.05,2.1192331314086914,ps
1049,218000,0.05,0.5985410213470459,psp
1050,812800,0.05,4.264907121658325,ps
1051,127300,0.05,0.3613450527191162,psp
1052,96000,0.05,0.47206783294677734,ps
1053,225900,0.05,0.6358447074890137,psp
1054,812800,0.05,4.330250978469849,ps
1055,110000,0.05,0.3080298900604248,psp
1056,198400,0.05,0.9929468631744385,ps
1057,856000,0.05,2.369290828704834,psp
1058,198400,0.05,0.9968161582946777,ps
1059,111300,0.05,0.31080126762390137,psp
1060,812800,0.05,4.292201042175293,ps
1061,118900,0.05,0.3277299404144287,psp
1062,812800,0.05,4.3313422203063965,ps
1063,427600,0.05,1.184236764907837,psp
1064,96000,0.05,0.4514460563659668,ps
1065,108700,0.05,0.3024318218231201,psp
1066,403200,0.05,2.173542022705078,ps
1067,58100,0.05,0.16759681701660156,psp
1068,403200,0.05,2.0774829387664795,ps
1069,425500,0.05,1.179589033126831,psp
1070,403200,0.05,2.310413122177124,ps
1071,62700,0.05,0.19678401947021484,psp
1072,403200,0.05,2.1446876525878906,ps
1073,850200,0.05,2.3785109519958496,psp
1074,812800,0.05,4.239822149276733,ps
1075,56300,0.05,0.158613920211792,psp
1076,403200,0.05,2.096892833709717,ps
1077,216800,0.05,0.6031301021575928,psp
1078,198400,0.05,0.9827880859375,ps
1079,115100,0.05,0.31665992736816406,psp
1080,198400,0.05,0.985302209854126,ps
1081,214300,0.05,0.5954339504241943,psp
1082,96000,0.05,0.4520730972290039,ps
1083,850800,0.05,2.381026029586792,psp
1084,198400,0.05,1.003986120223999,ps
1085,226200,0.05,0.6193931102752686,psp
1086,403200,0.05,2.079113006591797,ps
1087,114900,0.05,0.3248128890991211,psp
1088,1632000,0.05,8.743743896484375,ps
1089,859100,0.05,2.402806043624878,psp
1090,812800,0.05,4.277515888214111,ps
1091,857200,0.05,2.383485794067383,psp
1092,44800,0.05,0.19615602493286133,ps
1093,117100,0.05,0.3270571231842041,psp
1094,403200,0.05,2.0711936950683594,ps
1095,215900,0.05,0.596973180770874,psp
1096,1632000,0.05,9.003809928894043,ps
1097,858300,0.05,2.37603497505188,psp
1098,198400,0.05,1.0290701389312744,ps
1099,118800,0.05,0.4231081008911133,psp
1100,198400,0.05,1.0223479270935059,ps
1101,57400,0.05,0.16956591606140137,psp
1102,198400,0.05,1.0027539730072021,ps
1103,120500,0.05,0.33576107025146484,psp
1104,198400,0.05,0.993060827255249,ps
1105,56400,0.05,0.18731689453125,psp
1106,403200,0.05,2.2611660957336426,ps
1107,223300,0.05,0.6094889640808105,psp
1108,96000,0.05,0.4578361511230469,ps
1109,432100,0.05,1.191375970840454,psp
1110,96000,0.05,0.44803476333618164,ps
1111,850900,0.05,2.4402122497558594,psp
1112,812800,0.05,4.476274728775024,ps
1113,220400,0.05,0.611565113067627,psp
1114,96000,0.05,0.44649505615234375,ps
1115,214300,0.05,0.5972681045532227,psp
1116,96000,0.05,0.4517240524291992,ps
1117,216600,0.05,0.5960860252380371,psp
1118,403200,0.05,2.0784928798675537,ps
1119,111700,0.05,0.3271501064300537,psp
1120,96000,0.05,0.5097241401672363,ps
1121,114100,0.05,0.3169426918029785,psp
1122,403200,0.05,2.0774481296539307,ps
1123,110100,0.05,0.31922221183776855,psp
1124,96000,0.05,0.46686291694641113,ps
1125,58900,0.05,0.16709136962890625,psp
1126,403200,0.05,2.13191294670105,ps
1127,111700,0.05,0.37384796142578125,psp
1128,198400,0.05,1.0143449306488037,ps
1129,851500,0.05,2.343400239944458,psp
1130,44800,0.05,0.19249200820922852,ps
1131,426900,0.05,1.1744499206542969,psp
1132,403200,0.05,2.1184730529785156,ps
1133,851300,0.05,2.35261607170105,psp
1134,198400,0.05,1.0157570838928223,ps
1135,114900,0.05,0.3203740119934082,psp
1136,403200,0.05,2.1416239738464355,ps
1137,59000,0.05,0.1650092601776123,psp
1138,812800,0.05,4.247424125671387,ps
1139,430100,0.05,1.2407312393188477,psp
1140,198400,0.05,0.9772799015045166,ps
1141,854100,0.05,2.412083148956299,psp
1142,96000,0.05,0.4496939182281494,ps
1143,226100,0.05,0.6311509609222412,psp
1144,812800,0.05,4.328636884689331,ps
1145,55900,0.05,0.1622631549835205,psp
1146,198400,0.05,0.9823169708251953,ps
1147,108700,0.05,0.29882311820983887,psp
1148,403200,0.05,2.113023042678833,ps
1149,111600,0.05,0.3220531940460205,psp
1150,44800,0.05,0.19513988494873047,ps
1151,440300,0.05,1.213413953781128,psp
1152,403200,0.05,2.074343204498291,ps
1153,427000,0.05,1.2547249794006348,psp
1154,96000,0.05,0.4537789821624756,ps
1155,119500,0.05,0.33216214179992676,psp
1156,403200,0.05,2.093550205230713,ps
1157,219200,0.05,0.600517749786377,psp
1158,812800,0.05,4.311294078826904,ps
1159,444000,0.05,1.2574632167816162,psp
1160,812800,0.05,4.343284368515015,ps
1161,215700,0.05,0.7632801532745361,psp
1162,198400,0.05,1.409001111984253,ps
1163,436600,0.05,1.2086877822875977,psp
1164,812800,0.05,4.434334993362427,ps
1165,215500,0.05,0.6036708354949951,psp
1166,96000,0.05,0.45287084579467773,ps
1167,216500,0.05,0.6566071510314941,psp
1168,1632000,0.05,8.787623882293701,ps
1169,849700,0.05,2.388451099395752,psp
1170,1632000,0.05,8.739144086837769,ps
1171,432500,0.05,1.2420990467071533,psp
1172,96000,0.05,0.45279383659362793,ps
1173,223200,0.05,0.6210930347442627,psp
1174,96000,0.05,0.4497840404510498,ps
1175,224000,0.05,0.6297290325164795,psp
1176,403200,0.05,2.094477891921997,ps
1177,876400,0.05,2.469088077545166,psp
1178,403200,0.05,2.079329013824463,ps
1179,429200,0.05,1.1805708408355713,psp
1180,812800,0.05,4.345462799072266,ps
1181,430100,0.05,1.1831650733947754,psp
1182,198400,0.05,1.0403499603271484,ps
1183,850100,0.05,2.3726909160614014,psp
1184,198400,0.05,0.9974069595336914,ps
1185,403200,0.05,2.0741119384765625,ps
1186,113000,0.05,0.31987833976745605,psp
1187,403200,0.05,2.143756866455078,ps
1188,221600,0.05,0.6127941608428955,psp
1189,1632000,0.05,8.803377866744995,ps
1190,57500,0.05,0.20925092697143555,psp
1191,198400,0.05,1.0076320171356201,ps
1192,853100,0.05,2.3769121170043945,psp
1193,96000,0.05,0.46488094329833984,ps
1194,433100,0.05,1.212367057800293,psp
1195,812800,0.05,4.324238061904907,ps
1196,220500,0.05,0.6109519004821777,psp
1197,403200,0.04,2.1298940181732178,ps
1198,220800,0.04,0.6033997535705566,psp
1199,198400,0.04,0.981809139251709,ps
1200,433400,0.04,1.1970760822296143,psp
1201,96000,0.04,0.44920778274536133,ps
1202,113100,0.04,0.31307387351989746,psp
1203,96000,0.04,0.4509580135345459,ps
1204,430200,0.04,1.2072358131408691,psp
1205,403200,0.04,2.125478982925415,ps
1206,432100,0.04,1.278479814529419,psp
1207,3270400,0.04,17.836093187332153,ps
1208,434700,0.04,1.2190659046173096,psp
1209,403200,0.04,2.145966053009033,ps
1210,217700,0.04,0.6036880016326904,psp
1211,403200,0.04,2.0561001300811768,ps
1212,857600,0.04,2.443650007247925,psp
1213,1632000,0.04,9.145380973815918,ps
1214,851300,0.04,2.3636741638183594,psp
1215,403200,0.04,2.114950180053711,ps
1216,433000,0.04,1.6516430377960205,psp
1217,403200,0.04,2.0873830318450928,ps
1218,847900,0.04,2.3935821056365967,psp
1219,812800,0.04,4.3181068897247314,ps
1220,221000,0.04,0.6192851066589355,psp
1221,96000,0.04,0.4511699676513672,ps
1222,223600,0.04,0.6722466945648193,psp
1223,198400,0.04,1.0024330615997314,ps
1224,115200,0.04,0.3191390037536621,psp
1225,403200,0.04,2.0753133296966553,ps
1226,109300,0.04,0.3053767681121826,psp
1227,1632000,0.04,8.823743104934692,ps
1228,433500,0.04,1.215785026550293,psp
1229,96000,0.04,0.4578440189361572,ps
1230,109300,0.04,0.2990999221801758,psp
1231,198400,0.04,0.995358943939209,ps
1232,812800,0.04,4.30488395690918,ps
1233,427000,0.04,1.1837959289550781,psp
1234,403200,0.04,2.1356401443481445,ps
1235,1632000,0.04,9.021621942520142,ps
1236,426900,0.04,1.1996510028839111,psp
1237,812800,0.04,4.323879957199097,ps
1238,852500,0.04,2.433696985244751,psp
1239,403200,0.04,2.0682530403137207,ps
1240,852900,0.04,2.3705947399139404,psp
1241,403200,0.04,2.118699789047241,ps
1242,430700,0.04,1.182765007019043,psp
1243,403200,0.04,2.0963168144226074,ps
1244,214900,0.04,0.6148180961608887,psp
1245,812800,0.04,4.5054931640625,ps
1246,216400,0.04,0.5986599922180176,psp
1247,403200,0.04,2.1230878829956055,ps
1248,851300,0.04,2.395364999771118,psp
1249,403200,0.04,2.1299591064453125,ps
1250,429000,0.04,1.1903889179229736,psp
1251,403200,0.04,2.085383892059326,ps
1252,62800,0.04,0.17332792282104492,psp
1253,1632000,0.04,10.7376070022583,ps
1254,441400,0.04,1.2206339836120605,psp
1255,198400,0.04,1.0331079959869385,ps
1256,114600,0.04,0.3187880516052246,psp
1257,812800,0.04,4.328312873840332,ps
1258,55900,0.04,0.15887212753295898,psp
1259,403200,0.04,2.1521458625793457,ps
1260,429800,0.04,1.1967642307281494,psp
1261,96000,0.04,0.4653496742248535,ps
1262,217300,0.04,0.5963389873504639,psp
1263,198400,0.04,0.9904689788818359,ps
1264,116200,0.04,0.3330099582672119,psp
1265,96000,0.04,0.447160005569458,ps
1266,232800,0.04,0.6910922527313232,psp
1267,403200,0.04,2.089240074157715,ps
1268,113000,0.04,0.30875611305236816,psp
1269,198400,0.04,1.0013220310211182,ps
1270,426100,0.04,1.168907642364502,psp
1271,96000,0.04,0.5052337646484375,ps
1272,428700,0.04,1.1804380416870117,psp
1273,3270400,0.04,17.914406776428223,ps
1274,427600,0.04,1.1763660907745361,psp
1275,96000,0.04,0.506645917892456,ps
1276,853000,0.04,2.3851799964904785,psp
1277,1632000,0.04,8.795488834381104,ps
1278,109600,0.04,0.30802011489868164,psp
1279,198400,0.04,1.0387041568756104,ps
1280,855700,0.04,2.3826849460601807,psp
1281,198400,0.04,0.9814519882202148,ps
1282,219400,0.04,0.6120591163635254,psp
1283,403200,0.04,2.1249570846557617,ps
1284,223300,0.04,0.6256148815155029,psp
1285,198400,0.04,1.0049142837524414,ps
1286,108700,0.04,0.29921507835388184,psp
1287,1632000,0.04,8.773526668548584,ps
1288,109400,0.04,0.3032221794128418,psp
1289,403200,0.04,2.999143123626709,ps
1290,430800,0.04,1.2566027641296387,psp
1291,198400,0.04,0.9955780506134033,ps
1292,848600,0.04,2.3795409202575684,psp
1293,403200,0.04,2.073349952697754,ps
1294,217000,0.04,0.653918981552124,psp
1295,403200,0.04,2.1343679428100586,ps
1296,861700,0.04,2.385525941848755,psp
1297,1632000,0.04,8.888677835464478,ps
1298,116200,0.04,0.3188469409942627,psp
1299,812800,0.04,4.320427179336548,ps
1300,429000,0.04,1.1807010173797607,psp
1301,198400,0.04,0.9855332374572754,ps
1302,219700,0.04,0.6158840656280518,psp
1303,403200,0.04,2.1206061840057373,ps
1304,118600,0.04,0.33202505111694336,psp
1305,403200,0.04,2.0896401405334473,ps
1306,218900,0.04,0.6258621215820312,psp
1307,812800,0.04,4.312666893005371,ps
1308,214300,0.04,0.5943479537963867,psp
1309,96000,0.04,0.4510798454284668,ps
1310,1632000,0.04,8.797137975692749,ps
1311,428300,0.04,1.21797776222229,psp
1312,96000,0.04,0.44679927825927734,ps
1313,216700,0.04,0.6077268123626709,psp
1314,198400,0.04,0.9968640804290771,ps
1315,429400,0.04,1.1803219318389893,psp
1316,403200,0.04,2.0715959072113037,ps
1317,854100,0.04,2.4159739017486572,psp
1318,96000,0.04,0.4619178771972656,ps
1319,403200,0.04,2.0541417598724365,ps
1320,214300,0.04,0.5924007892608643,psp
1321,403200,0.04,2.141899824142456,ps
1322,426800,0.04,1.205259084701538,psp
1323,198400,0.04,1.039236068725586,ps
1324,427700,0.04,1.1938979625701904,psp
1325,198400,0.04,0.9937500953674316,ps
1326,856300,0.04,2.4354639053344727,psp
1327,812800,0.04,4.315926790237427,ps
1328,216200,0.04,0.5997049808502197,psp
1329,403200,0.04,2.052320957183838,ps
1330,216400,0.04,0.5914139747619629,psp
1331,812800,0.04,4.324862003326416,ps
1332,856000,0.04,2.439067840576172,psp
1333,403200,0.04,2.107659101486206,ps
1334,445400,0.04,1.2241718769073486,psp
1335,403200,0.04,2.067652940750122,ps
1336,426900,0.04,1.2280311584472656,psp
1337,812800,0.04,4.332872152328491,ps
1338,110500,0.04,0.31921911239624023,psp
1339,403200,0.04,2.0938587188720703,ps
1340,849300,0.04,2.9916529655456543,psp
1341,812800,0.04,4.493442058563232,ps
1342,856300,0.04,2.3849360942840576,psp
1343,198400,0.04,1.014829158782959,ps
1344,428900,0.04,1.222670078277588,psp
1345,812800,0.04,4.70226788520813,ps
1346,851200,0.04,3.5504209995269775,psp
1347,812800,0.04,4.911901950836182,ps
1348,220500,0.04,0.609940767288208,psp
1349,198400,0.04,0.9986469745635986,ps
1350,215700,0.04,0.6104450225830078,psp
1351,198400,0.04,1.0231478214263916,ps
1352,427800,0.04,1.2108218669891357,psp
1353,403200,0.04,2.086949348449707,ps
1354,114900,0.04,0.32491278648376465,psp
1355,403200,0.04,2.1177070140838623,ps
1356,432600,0.04,1.2019860744476318,psp
1357,1632000,0.04,9.812947988510132,ps
1358,109700,0.04,0.8710720539093018,psp
1359,198400,0.04,1.2888188362121582,ps
1360,219000,0.04,0.6371021270751953,psp
1361,812800,0.04,5.0922019481658936,ps
1362,225700,0.04,0.6579148769378662,psp
1363,1632000,0.04,11.352804183959961,ps
1364,431000,0.04,1.8093478679656982,psp
1365,812800,0.04,4.792392253875732,ps
1366,219200,0.04,0.9100401401519775,psp
1367,812800,0.04,5.695554733276367,ps
1368,112500,0.04,0.32865285873413086,psp
1369,403200,0.04,2.483975887298584,ps
1370,427100,0.04,1.205512285232544,psp
1371,812800,0.04,4.42720890045166,ps
1372,433700,0.04,1.2207911014556885,psp
1373,812800,0.04,5.14727520942688,ps
1374,428800,0.04,1.3662829399108887,psp
1375,403200,0.04,2.5018470287323,ps
1376,425500,0.04,1.5299687385559082,psp
1377,1632000,0.04,10.667917013168335,ps
1378,428400,0.04,1.868485689163208,psp
1379,403200,0.04,2.2769370079040527,ps
1380,427300,0.04,1.679673194885254,psp
1381,812800,0.04,5.90207314491272,ps
1382,110900,0.04,0.3434138298034668,psp
1383,812800,0.04,4.847729206085205,ps
1384,431000,0.04,2.4480092525482178,psp
1385,812800,0.04,9.206325054168701,ps
1386,117600,0.04,0.5746991634368896,psp
1387,403200,0.04,3.6205596923828125,ps
1388,217300,0.04,1.1067659854888916,psp
1389,403200,0.04,3.7083780765533447,ps
1390,425500,0.04,2.035849094390869,psp
1391,403200,0.04,2.7040529251098633,ps
1392,112700,0.04,0.32297706604003906,psp
1393,812800,0.03,5.08151912689209,ps
1394,856900,0.03,2.9153079986572266,psp
1395,3270400,0.03,20.499296188354492,ps
1396,1632000,0.03,15.604618310928345,ps
1397,868200,0.03,4.605297088623047,psp
1398,812800,0.03,6.0202741622924805,ps
1399,850900,0.03,5.268061876296997,psp
1400,812800,0.03,9.608428001403809,ps
1401,869800,0.03,3.6758968830108643,psp
1402,3270400,0.03,25.71394419670105,ps
1403,425500,0.03,1.9419512748718262,psp
1404,1632000,0.03,9.684980154037476,ps
1405,812800,0.03,4.567310094833374,ps
1406,231500,0.03,0.6955621242523193,psp
1407,403200,0.03,2.3152740001678467,ps
1408,214300,0.03,0.6010639667510986,psp
1409,1632000,0.03,11.405544757843018,ps
1410,855400,0.03,2.6797990798950195,psp
1411,1632000,0.03,8.731852054595947,ps
1412,3270400,0.03,19.050150156021118,ps
1413,3270400,0.03,25.0175461769104,ps
1414,430500,0.03,1.296288013458252,psp
1415,223700,0.03,0.6872148513793945,psp
1416,3270400,0.03,23.11730194091797,ps
1417,877800,0.03,2.781507968902588,psp
1418,812800,0.03,4.464659929275513,ps
1419,223000,0.03,0.60530686378479,psp
1420,3270400,0.03,21.385812044143677,ps
1421,849300,0.03,2.368123769760132,psp
1422,403200,0.03,2.0648529529571533,ps
1423,439400,0.03,1.1954548358917236,psp
1424,812800,0.03,5.296571969985962,ps
1425,865000,0.03,3.2545011043548584,psp
1426,403200,0.03,2.32855224609375,ps
1427,198400,0.03,1.8809850215911865,ps
1428,849900,0.03,3.0374419689178467,psp
1429,812800,0.03,6.182967901229858,ps
1430,852500,0.03,2.3731322288513184,psp
1431,198400,0.03,1.208172082901001,ps
1432,217000,0.03,0.7760071754455566,psp
1433,1632000,0.03,9.536587953567505,ps
1434,430500,0.03,1.4141817092895508,psp
1435,812800,0.03,5.890118837356567,ps
1436,217300,0.03,0.9055690765380859,psp
1437,1632000,0.03,10.81121301651001,ps
1438,1632000,0.03,12.433279991149902,ps
1439,221600,0.03,0.6447317600250244,psp
1440,1632000,0.03,11.9096999168396,ps
1441,1632000,0.03,8.674652099609375,ps
1442,853200,0.03,2.327341079711914,psp
1443,403200,0.03,2.0483462810516357,ps
1444,441700,0.03,1.197012186050415,psp
1445,403200,0.03,2.065747022628784,ps
1446,227600,0.03,0.614483118057251,psp
1447,812800,0.03,4.223219156265259,ps
1448,217800,0.03,0.5926370620727539,psp
1449,1632000,0.03,8.601815938949585,ps
1450,852200,0.03,2.309680223464966,psp
1451,403200,0.03,2.064868211746216,ps
1452,430700,0.03,1.1767549514770508,psp
1453,812800,0.03,4.19610595703125,ps
1454,403200,0.03,2.146649122238159,ps
1455,847900,0.03,2.313123941421509,psp
1456,403200,0.03,2.060728073120117,ps
1457,445900,0.03,1.1964349746704102,psp
1458,1632000,0.03,8.669202089309692,ps
1459,852500,0.03,2.281926155090332,psp
1460,812800,0.03,4.222523927688599,ps
1461,1632000,0.03,8.4219388961792,ps
1462,403200,0.03,2.008652925491333,ps
1463,857800,0.03,2.29836106300354,psp
1464,403200,0.03,2.009974956512451,ps
1465,110600,0.03,0.3020451068878174,psp
1466,812800,0.03,4.208340167999268,ps
1467,433000,0.03,1.1555352210998535,psp
1468,403200,0.03,2.0084400177001953,ps
1469,214300,0.03,0.5732910633087158,psp
1470,812800,0.03,4.134505033493042,ps
1471,812800,0.03,4.226752042770386,ps
1472,857100,0.03,2.3033509254455566,psp
1473,198400,0.03,0.9601881504058838,ps
1474,403200,0.03,2.004937171936035,ps
1475,431800,0.03,1.145888090133667,psp
1476,1632000,0.03,8.509245872497559,ps
1477,228400,0.03,0.6044051647186279,psp
1478,1632000,0.03,8.464301824569702,ps
1479,812800,0.03,4.135263919830322,ps
1480,403200,0.03,2.0107710361480713,ps
1481,117700,0.03,0.3150520324707031,psp
1482,198400,0.03,0.9599611759185791,ps
1483,403200,0.03,2.0044150352478027,ps
1484,850700,0.03,2.482020854949951,psp
1485,198400,0.03,0.9561929702758789,ps
1486,812800,0.03,4.148833990097046,ps
1487,214900,0.03,0.5750846862792969,psp
1488,1632000,0.03,8.621276140213013,ps
1489,851400,0.03,2.2652690410614014,psp
1490,198400,0.03,0.9679510593414307,ps
1491,1632000,0.03,8.388995885848999,ps
1492,1632000,0.03,8.39357590675354,ps
1493,849200,0.03,2.2866439819335938,psp
1494,812800,0.03,4.091612339019775,ps
1495,860200,0.03,2.3015010356903076,psp
1496,812800,0.03,4.180989980697632,ps
1497,812800,0.03,4.754446983337402,ps
1498,198400,0.03,0.9588508605957031,ps
1499,425500,0.03,1.126694917678833,psp
1500,1632000,0.03,8.460564136505127,ps
1501,854400,0.03,2.303075075149536,psp
1502,3270400,0.03,17.11192488670349,ps
1503,854500,0.03,2.277109146118164,psp
1504,198400,0.03,0.9605910778045654,ps
1505,855700,0.03,2.3035199642181396,psp
1506,403200,0.03,2.016479015350342,ps
1507,812800,0.03,4.381756782531738,ps
1508,427400,0.03,1.163801908493042,psp
1509,1632000,0.03,8.450390100479126,ps
1510,847900,0.03,2.2644097805023193,psp
1511,198400,0.03,0.961514949798584,ps
1512,223000,0.03,0.5970098972320557,psp
1513,198400,0.03,0.9604291915893555,ps
1514,115300,0.03,0.3074779510498047,psp
1515,812800,0.03,4.149136781692505,ps
1516,403200,0.03,2.043123960494995,ps
1517,445400,0.03,1.2680599689483643,psp
1518,812800,0.03,4.751000881195068,ps
1519,429000,0.03,1.45831298828125,psp
1520,1632000,0.03,9.298108100891113,ps
1521,403200,0.03,2.7253878116607666,ps
1522,812800,0.03,4.6844322681427,ps
1523,438000,0.03,1.2215251922607422,psp
1524,3270400,0.03,17.65691590309143,ps
1525,849400,0.03,2.289736747741699,psp
1526,3270400,0.03,17.93085503578186,ps
1527,812800,0.03,4.309751749038696,ps
1528,850900,0.03,2.3230249881744385,psp
1529,1632000,0.03,8.4950270652771,ps
1530,3270400,0.03,17.28280282020569,ps
1531,403200,0.03,2.0104641914367676,ps
1532,219900,0.03,0.5773940086364746,psp
1533,812800,0.03,4.167088031768799,ps
1534,428200,0.03,1.1405158042907715,psp
1535,812800,0.03,4.091263055801392,ps
1536,3270400,0.03,17.033002138137817,ps
1537,847900,0.03,2.257807731628418,psp
1538,403200,0.03,1.991136074066162,ps
1539,110100,0.03,0.29305291175842285,psp
1540,403200,0.03,2.00356125831604,ps
1541,812800,0.03,4.144634962081909,ps
1542,429000,0.03,1.1299629211425781,psp
1543,403200,0.03,2.076970100402832,ps
1544,855700,0.03,2.247576951980591,psp
1545,403200,0.03,1.992933988571167,ps
1546,859400,0.03,2.2742812633514404,psp
1547,1632000,0.03,9.901251792907715,ps
1548,852600,0.03,3.0301239490509033,psp
1549,1632000,0.03,9.396700859069824,ps
1550,403200,0.03,2.0092079639434814,ps
1551,426100,0.03,1.128614902496338,psp
1552,812800,0.03,4.115416049957275,ps
1553,214300,0.03,0.5785129070281982,psp
1554,812800,0.03,4.145206689834595,ps
1555,403200,0.03,2.024405002593994,ps
1556,3270400,0.03,16.911211013793945,ps
1557,198400,0.03,0.950402021408081,ps
1558,231800,0.03,0.6537411212921143,psp
1559,1632000,0.02,8.372050285339355,ps
1560,3270400,0.02,17.455578088760376,ps
1561,849700,0.02,2.4457430839538574,psp
1562,1632000,0.02,8.383583068847656,ps
1563,847900,0.02,3.2171947956085205,psp
1564,221700,0.02,0.5975549221038818,psp
1565,3270400,0.02,18.834097146987915,ps
1566,426900,0.02,1.472344160079956,psp
1567,1632000,0.02,8.525109052658081,ps
1568,850900,0.02,2.2730908393859863,psp
1569,862600,0.02,2.3056390285491943,psp
1570,1632000,0.02,8.390291929244995,ps
1571,854900,0.02,2.2899441719055176,psp
1572,812800,0.02,4.154868841171265,ps
1573,432300,0.02,1.151489019393921,psp
1574,3270400,0.02,16.912875175476074,ps
1575,857600,0.02,2.2688848972320557,psp
1576,3270400,0.02,16.870749950408936,ps
1577,851900,0.02,2.2599427700042725,psp
1578,3270400,0.02,16.871543645858765,ps
1579,854200,0.02,2.454813241958618,psp
1580,812800,0.02,4.196735858917236,ps
1581,3270400,0.02,17.310043811798096,ps
1582,849700,0.02,2.274225950241089,psp
1583,1632000,0.02,8.4129159450531,ps
1584,226700,0.02,0.6075718402862549,psp
1585,1632000,0.02,9.813446044921875,ps
1586,441600,0.02,1.1692919731140137,psp
1587,812800,0.02,4.156387090682983,ps
1588,428500,0.02,1.1512680053710938,psp
1589,812800,0.02,4.47577428817749,ps
1590,426900,0.02,1.1375138759613037,psp
1591,812800,0.02,4.102054834365845,ps
1592,812800,0.02,4.097143173217773,ps
1593,1632000,0.02,8.338346004486084,ps
1594,854100,0.02,2.2906150817871094,psp
1595,3270400,0.02,17.256967067718506,ps
1596,425500,0.02,1.1829540729522705,psp
1597,3270400,0.02,17.144931077957153,ps
1598,427200,0.02,1.1275460720062256,psp
1599,439400,0.02,1.1634368896484375,psp
1600,812800,0.02,4.0821239948272705,ps
1601,857200,0.02,2.3661530017852783,psp
1602,812800,0.02,4.603470087051392,ps
1603,848500,0.02,2.2902398109436035,psp
1604,849800,0.02,2.2885079383850098,psp
1605,1632000,0.02,8.376016855239868,ps
1606,855600,0.02,2.2642102241516113,psp
1607,812800,0.02,4.163635969161987,ps
1608,403200,0.02,2.0108821392059326,ps
1609,847900,0.02,2.24363112449646,psp
1610,1632000,0.02,8.382333040237427,ps
1611,217300,0.02,0.5721790790557861,psp
1612,403200,0.02,2.0083682537078857,ps
1613,812800,0.02,4.108673095703125,ps
1614,228500,0.02,0.6307668685913086,psp
1615,403200,0.02,1.998690128326416,ps
1616,3270400,0.02,17.183299779891968,ps
1617,851400,0.02,2.283184051513672,psp
1618,3270400,0.02,18.179583072662354,ps
1619,3270400,0.02,16.882511138916016,ps
1620,850900,0.02,2.2481870651245117,psp
1621,812800,0.02,4.0918803215026855,ps
1622,403200,0.02,1.991215705871582,ps
1623,227400,0.02,0.9437861442565918,psp
1624,1632000,0.02,10.264906883239746,ps
1625,3270400,0.02,19.29577875137329,ps
1626,214300,0.02,0.5736477375030518,psp
1627,3270400,0.02,16.9983868598938,ps
1628,1632000,0.02,8.385593891143799,ps
1629,857800,0.02,2.2531728744506836,psp
1630,1632000,0.02,9.17707872390747,ps
1631,426100,0.02,1.159087896347046,psp
1632,812800,0.02,4.150365114212036,ps
1633,856100,0.02,2.2715559005737305,psp
1634,3270400,0.02,17.073440074920654,ps
1635,429800,0.02,1.6316778659820557,psp
1636,1632000,0.02,8.391613960266113,ps
1637,812800,0.02,4.090987920761108,ps
1638,847900,0.02,2.238793134689331,psp
1639,812800,0.02,4.098940134048462,ps
1640,3270400,0.02,16.843973875045776,ps
1641,812800,0.02,4.179135084152222,ps
1642,1632000,0.02,9.365797758102417,ps
1643,870700,0.02,2.5807321071624756,psp
1644,3270400,0.02,16.976516008377075,ps
1645,1632000,0.02,8.483144998550415,ps
1646,853800,0.02,2.250615119934082,psp
1647,403200,0.02,2.0081591606140137,ps
1648,431700,0.02,1.396934986114502,psp
1649,3270400,0.02,17.494938135147095,ps
1650,812800,0.02,4.137866973876953,ps
1651,3270400,0.02,17.014613151550293,ps
1652,3270400,0.02,17.115604877471924,ps
1653,848500,0.02,2.433661937713623,psp
1654,3270400,0.02,17.018420934677124,ps
1655,403200,0.02,1.9967591762542725,ps
1656,403200,0.02,2.240769624710083,ps
1657,1632000,0.02,8.483295202255249,ps
1658,857800,0.02,2.3010778427124023,psp
1659,812800,0.02,4.095906972885132,ps
1660,853700,0.02,2.27386474609375,psp
1661,1632000,0.02,8.599689960479736,ps
1662,849300,0.02,2.266793966293335,psp
1663,3270400,0.02,18.62102198600769,ps
1664,850900,0.02,2.2647950649261475,psp
1665,3270400,0.02,17.168124198913574,ps
1666,1632000,0.02,8.723814010620117,ps
1667,1632000,0.02,8.46588397026062,ps
1668,3270400,0.02,17.21142292022705,ps
1669,812800,0.02,4.1358630657196045,ps
1670,850600,0.02,2.2445907592773438,psp
1671,1632000,0.02,8.546916007995605,ps
1672,1632000,0.02,10.691510915756226,ps
1673,218100,0.02,0.5910630226135254,psp
1674,812800,0.02,4.096282720565796,ps
1675,855600,0.02,2.3020060062408447,psp
1676,3270400,0.02,19.476042985916138,ps
1677,850900,0.02,2.271913766860962,psp
1678,1632000,0.02,10.144964694976807,ps
1679,849200,0.02,2.3325538635253906,psp
1680,812800,0.02,4.266359090805054,ps
1681,852200,0.02,2.4064371585845947,psp
1682,852600,0.02,2.2501142024993896,psp
1683,1632000,0.02,8.391747951507568,ps
1684,1632000,0.02,8.463867902755737,ps
1685,1632000,0.02,8.441420078277588,ps
1686,812800,0.02,4.100872039794922,ps
1687,225900,0.02,0.6017539501190186,psp
1688,403200,0.02,2.004193067550659,ps
1689,403200,0.02,1.9764750003814697,ps
1690,3270400,0.02,16.808606147766113,ps
1691,217300,0.02,0.5745542049407959,psp
1692,812800,0.02,4.114418029785156,ps
1693,430500,0.02,1.140899896621704,psp
1694,1632000,0.02,8.45905613899231,ps
1695,1632000,0.02,8.332098007202148,ps
1696,1632000,0.02,8.409199237823486,ps
1697,854100,0.02,2.254768133163452,psp
1698,1632000,0.01,8.403014898300171,ps
1699,3270400,0.01,16.942054986953735,ps
1700,852600,0.01,2.2618391513824463,psp
1701,3270400,0.01,17.675751209259033,ps
1702,3270400,0.01,17.819803953170776,ps
1703,3270400,0.01,20.746158123016357,ps
1704,3270400,0.01,17.089493989944458,ps
1705,855400,0.01,2.255906105041504,psp
1706,3270400,0.01,17.10102891921997,ps
1707,3270400,0.01,17.238361835479736,ps
1708,1632000,0.01,8.449774742126465,ps
1709,3270400,0.01,17.035964727401733,ps
1710,850400,0.01,2.248368263244629,psp
1711,1632000,0.01,8.422859191894531,ps
1712,1632000,0.01,8.458281993865967,ps
1713,849400,0.01,2.2902820110321045,psp
1714,3270400,0.01,17.68484091758728,ps
1715,3270400,0.01,17.065387964248657,ps
1716,1632000,0.01,8.478381156921387,ps
1717,3270400,0.01,17.185746908187866,ps
1718,3270400,0.01,21.253826141357422,ps
1719,1632000,0.01,8.451869249343872,ps
1720,1632000,0.01,8.426583051681519,ps
1721,847900,0.01,2.2987070083618164,psp
1722,3270400,0.01,16.95998191833496,ps
1723,1632000,0.01,8.364125967025757,ps
1724,3270400,0.01,17.21064329147339,ps
1725,3270400,0.01,17.493327856063843,ps
1726,850200,0.01,2.881326913833618,psp
1727,3270400,0.01,18.87212586402893,ps
1728,3270400,0.01,20.72362494468689,ps
